<?xml version="1.0" encoding="UTF-8"?>
<project-private xmlns="http://www.netbeans.org/ns/project-private/1">
    <editor-bookmarks xmlns="http://www.netbeans.org/ns/editor-bookmarks/2" lastBookmarkId="0"/>
    <open-files xmlns="http://www.netbeans.org/ns/projectui-open-files/2">
        <group>
            <file>file:/C:/Users/ndoum/OneDrive/Documents/NetBeansProjects/ST10281928-QUESTION2-ASSIGNMENT/src/st10281928/question2/assignment/Member.java</file>
            <file>file:/C:/Users/ndoum/OneDrive/Documents/NetBeansProjects/ST10281928-QUESTION2-ASSIGNMENT/src/st10281928/question2/assignment/Goldpack.java</file>
            <file>file:/C:/Users/ndoum/OneDrive/Documents/NetBeansProjects/ST10281928-QUESTION2-ASSIGNMENT/test/st10281928/question2/assignment/ST10281928QUESTION2ASSIGNMENTTest.java</file>
            <file>file:/C:/Users/ndoum/OneDrive/Documents/NetBeansProjects/ST10281928-QUESTION2-ASSIGNMENT/test/st10281928/question2/assignment/GoldpackTest.java</file>
            <file>file:/C:/Users/ndoum/OneDrive/Documents/NetBeansProjects/ST10281928-QUESTION2-ASSIGNMENT/test/st10281928/question2/assignment/BronzepackTest.java</file>
            <file>file:/C:/Users/ndoum/OneDrive/Documents/NetBeansProjects/ST10281928-QUESTION2-ASSIGNMENT/src/st10281928/question2/assignment/Bronzepack.java</file>
            <file>file:/C:/Users/ndoum/OneDrive/Documents/NetBeansProjects/ST10281928-QUESTION2-ASSIGNMENT/test/st10281928/question2/assignment/SilverpackTest.java</file>
            <file>file:/C:/Users/ndoum/OneDrive/Documents/NetBeansProjects/ST10281928-QUESTION2-ASSIGNMENT/src/st10281928/question2/assignment/Silverpack.java</file>
            <file>file:/C:/Users/ndoum/OneDrive/Documents/NetBeansProjects/ST10281928-QUESTION2-ASSIGNMENT/src/st10281928/question2/assignment/ST10281928QUESTION2ASSIGNMENT.java</file>
            <file>file:/C:/Users/ndoum/OneDrive/Documents/NetBeansProjects/ST10281928-QUESTION2-ASSIGNMENT/test/st10281928/question2/assignment/MemberTest.java</file>
        </group>
    </open-files>
</project-private>
