<?xml version="1.0" encoding="UTF-8"?>
<project-private xmlns="http://www.netbeans.org/ns/project-private/1">
    <editor-bookmarks xmlns="http://www.netbeans.org/ns/editor-bookmarks/2" lastBookmarkId="0"/>
    <open-files xmlns="http://www.netbeans.org/ns/projectui-open-files/2">
        <group>
            <file>file:/C:/Users/ndoum/OneDrive/Documents/NetBeansProjects/ST10281928-PROG6112-ASSIGNMENT/test/st10281928/prog6112/assignment/StudentTest.java</file>
            <file>file:/C:/Users/ndoum/OneDrive/Documents/NetBeansProjects/ST10281928-PROG6112-ASSIGNMENT/src/st10281928/prog6112/assignment/Student.java</file>
            <file>file:/C:/Users/ndoum/OneDrive/Documents/NetBeansProjects/ST10281928-PROG6112-ASSIGNMENT/src/st10281928/prog6112/assignment/ST10281928PROG6112ASSIGNMENT.java</file>
        </group>
    </open-files>
</project-private>
